,title,publisher,date,isbn,Authors,category
316,Von Füger bis Klimt. die Malerei des XIX. Jahrhunderts in Meisterwerken aus Wiener Privatbesitz,,1923,PRNC:32101066450899,Franz Ottmann,Klimt
117,"De Kooning, 1935-1953. ",,1953,OCLC:80699819,Willem De Kooning,De Kooning
156,Willem de Kooning. ,,1959,UOM:39015015683421,Thomas B. Hess,De Kooning
154,"Willem de Kooning. - New York: Braziller 1959. 32 S., 40 Bl. Abb., S. 113-128. 4°. ",,1959,UVA:X001533734,Thomas B. Hess,De Kooning
145,De Kooning. ,,1960,UOM:39015027877201,"Harriet Grossman Janis, Rudi Blesh",De Kooning
138,"Gustav Klimt [Milaan, 1962].. ",,1962,OCLC:920744417,,Klimt
151,The American Critics of Pollock and De Kooning. ,,1962,UFL:31262046285739,Charles Frank Thompson,De Kooning
98,Willem De Kooning. ,,1962,OCLC:217267406,"Allan Stone Gallery, Willem De Kooning",De Kooning
170,"De Kooning [for] Horn, Percussion, Piano, Violin, Violoncello : [1963].. ",,1963,OCLC:1423041809,Morton Feldman,De Kooning
157,De Kooning. ,,1963,UCSC:32106016797521,Morton Feldman,De Kooning
230,Gustav Klimt. Twenty-five Drawings,,1964,OCLC:1008136620,Gustav Klimt,Klimt
72,Willem de Kooning. ,,1965,UOM:39015041624720,"Willem De Kooning, Dore Ashton, Smith College. Museum of Art",De Kooning
281,"Gustav Klimt and Egon Schiele. Exhibition 65/1, February-April 1965",,1965,UOM:39015006624137,Solomon R. Guggenheim Museum,Klimt
217,Gustav Klimt. ,,1965,OCLC:1419335230,,Klimt
240,"Gustav Klimt. Paintings and Drawings : [exhibition], October-November 1965, Marlborough Fine Art Limited ... [et Al.].",,1966,UOM:39015028411422,"Gustav Klimt, Marlborough Fine Art Ltd",Klimt
104,De Kooning. Drawings,,1967,UVA:X030810127,Willem De Kooning,De Kooning
148,De Kooning; Drawings. ,,1968,UOM:39015007566907,Willem De Kooning,De Kooning
84,Willem de Kooning. An Exhibition Organized Under the Auspices of the International Council of the Museum of Modern Art,,1968,OCLC:1284557,"Thomas B. Hess, Willem De Kooning",De Kooning
155,"Six Painters: Mondrian, Guston, Kline, De Kooning, Pollock [and] Rothko. ",,1968,UOM:39015010991100,"University of St. Thomas (Houston, Tex.). Art Department",De Kooning
81,De Kooning; Recent Paintings. ,,1968,UCAL:B3287209,"Willem De Kooning, Thomas B. Hess, M. Knoedler & Co",De Kooning
109,De Kooning. ,,1969,OCLC:950182543,,De Kooning
90,Willem de Kooning. Disegni,,1969,OCLC:297153880,Willem De Kooning,De Kooning
152,"De Kooning, January 1968-March 1969. Exhibition M. Knoedler & Co., Inc., March 4-March 22, 1969",,1969,UCAL:B4116838,"M. Knoedler & Co, Thomas B. Hess",De Kooning
276,"Klimt. Drawings, October - November, 1970 : Kovler Gallery, Chicago",,1970,MINN:31951002219409Y,Gustav Klimt,Klimt
205,Gustav Klimt. Drawings and Paintings,,1970,UOM:39015043410979,"Gustav Klimt, Alice Strobl",Klimt
289,"Gustav Klimt, 1862-1918: Drawings. Exhibition March - April 1970, the Galerie St. Etienne, New York",,1970,UCSC:32106001453866,Gustav Klimt,Klimt
285,"Gustav Klimt, 1862-1918. Drawings",,1970,STANFORD:36105032006400,"Gustav Klimt, Galerie St. Etienne",Klimt
58,De Kooning. ,,1972,UOM:39015045652768,"Willem De Kooning, Gabriella Drudi",De Kooning
125,Willem de Kooning. ,,1973,OCLC:935599869,,De Kooning
158,"De Kooning. Drawings, Sculptures",,1974,OCLC:1087464322,"Philip Larson, Peter Schjeldahl",De Kooning
25,"American masters : the voice and the myth in modern art, Hopper, Davis, Pollock, de Kooning, Rothko, Rauschenberg, Wyeth, Cornell. ","New York : E. P. Dutton , 1982",1974,0525480005,,De Kooning
93,"Willem de Kooning, 1941-1959. ",,1974,OCLC:2055976,Willem De Kooning,De Kooning
97,Willem de Kooning. Drawings & Sculptures,,1974,OCLC:78840227,"Willem De Kooning, Walker Art Center",De Kooning
115,"De Kooning. Drawings, Sculptures : an Exhibition Organized by Walker Art Center [held At] Walker Art Center, Minneapolis, March 10-April 21, 1974 ... [et Al.]",Dutton Adult,1974,UOM:39015006749876,"Willem De Kooning, Philip Larson, Peter Schjeldahl",De Kooning
77,De Kooning. ,,1975,OCLC:963159077,,De Kooning
15,Gustav Klimt. ,"[Paris] : Seuil , 1975",1975,2020042754,,Klimt
215,Gustav Klimt. ,,1975,LCCN:75010965,Alessandra Comini,Klimt
1,"Art in Vienna, 1898-1918 : Klimt, Kokoschka, Schiele and their contemporaries. ","London : Phaidon , 1975",1975,0714816000,,Klimt
160,"Drawings by Five Abstract Expressionist Painters : Willem de Kooning, Arshile Gorky, Philip Guston, Franz Kline, Jackson Pollock [Exhibition] January 10-February 29, 1976. ",,1976,UOM:39015041096390,"Museum of Contemporary Art (Chicago, Ill.)",De Kooning
100,"The Sculptures of De Kooning with Related Paintings, Drawings, and Lithographs. ",,1977,0728701421,Willem De Kooning,De Kooning
86,"Gustav Klimt : der Beethovenfries, Geschichte, Funktion und Bedeutung. ","Salzburg : Residenz Verlag , cop. 1977",1977,370170175X,,Klimt
22,Gustav Klimt und die Wiener Jahrhundertwende. ,"Salzburg : Verl. Galerie Welz , 1977",1977,3853490654,,Klimt
133,L'opera completa di Klimt. ,,1978,PSU:000032538878,"Gustav Klimt, Johannes Dobai, Sergio Coradeschi",Klimt
78,Willem de Kooning in East Hampton. ,Guggenheim Museum,1978,UOM:39015012225143,"Willem De Kooning, Diane Waldman",De Kooning
76,"De Kooning, 1969-78. ","University of Northern Iowa, Department of Art",1978,UOM:39015009416572,"Willem De Kooning, Jack Cowart, Sanford Sivitz Shaman",De Kooning
112,Willem de Kooning. ,,1978,OCLC:1005883038,Harold Resenberg,De Kooning
290,Thirty-two Drawings by Gustav Klimt. From the Collection of His Highness Prince Sadruddin Aga Khan,,1979,UVA:X004559532,"Sotheby Parke Bernet New York, Sotheby Parke Bernet Inc, Gustav Klimt",Klimt
45,Gustav Klimt : dessins érotiques. ,"Paris : Chêne , 1979",1979,2851082418,,Klimt
23,Nach Klimt : Schriften zur Kunst in Österreich. ,"Salzburg : Verl. Galerie Welz , cop. 1979",1979,3853490743,,Klimt
113,"Willem de Kooning. Pittsburgh International Series, October 26, 1979-January 6, 1980, Museum of Art, Carnegie Institute",,1979,UOM:39015020382548,"Willem De Kooning, Carnegie Institute. Museum of Art",De Kooning
309,Gustav Klimt--Egon Schiele. In Commemoration of the Achievements of Dr. Otto Kallir,Crown,1980,UCSD:31822010568384,Jane Kallir,Klimt
132,Klimt. ,,1980,UCSC:32106008329085,"Gustav Klimt, Cecilia Bernardini",Klimt
147,"Willem de Kooning, Works from 1951-1981. ",,1981,STANFORD:36105031900587,"Judith Lynn Wolfe, Guild Hall of East Hampton",De Kooning
130,Gustav Klimt. ,,1981,8820204649,Gustav Klimt,Klimt
264,Klimt. ,,1981,8472911187,Gustav Klimt,Klimt
75,Klimt. ,": Éditions de Vergennes : [puis] Editions de Vergeures , 1982",1982,2730905235,,Klimt
18,"Willem de Kooning : drawings, paintings, sculpture, New York, Berlin, Paris, [two exhibitions at the Whitney museum of American art, New York : ""The drawings of Willem de Kooning"", December 7, 1983-February 19, 1984 and ""Willem de Kooning retrospective exhibition"", December 15, 1983-February 26, 1984]. ","New York : Whitney museum of American art ; Munich : Prestel-Verl. ; New York ; London : W. W. Norton , cop. 1983",1983,0393018407,,De Kooning
317,Tout l'œuvre peint de Klimt. ,,1983,UOM:39015042493455,"Gustav Klimt, Sergio Coradeschi",Klimt
67,De Kooning. ,New York : Abbeville Press,1983,UOM:39015016616644,"Harry F. Gaugh, Willem De Kooning",De Kooning
17,Tout l'oeuvre peint de Klimt. ,"[Paris] : Flammarion , 1983",1983,2080112201,,Klimt
49,Willem de Kooning. ,"New York : Abbeville press , cop. 1983",1983,1558592482,,De Kooning
86,Willem de Kooning. ,,1983,OCLC:471898377,,De Kooning
319,"Gustav Klimt, Drawings. ",,1983,UOM:39015027868796,"Gustav Klimt, Serge Sabarsky",Klimt
163,"In Honor of De Kooning. Bacon, Balthus, Baselitz, Berlant, Chamberlain, Crozier, De Kooning, Dubuffet, Freud, Hague, Heizer, Johns, Lichtenstein, Marden, Mitchell, Morley, Murphy, Rockburne, Segal",,1984,OCLC:14821230,,De Kooning
16,"Willem De Kooning : Whitney museum of American art, New York, 15 décembre 1983-26 février 1984 ; Akademie der Künste, Berlin, 11 mars-29 avril 1984, Centre Georges-Pompidou, Musée national d'art moderne, [Paris], 28 juin-24 septembre 1984. ","Paris : Centre Georges-Pompidou , 1984",1984,2858502552,,De Kooning
17,"Willem de Kooning : Retrospektive, Zeichnungen, Gemälde, Skulpturen, [Ausstellung, Whitney museum of American art, New York, 15. Dezember 1983 - 26. Februar 1984, Akademie der Künste, Berlin, 11. März - 6. Mai 1984, Musée national d'art moderne, Centre Georges Pompidou, Paris, 26. Juni - 24. September 1984]. ","München : Prestel , cop. 1984",1984,3791306596,,De Kooning
74,Gustav Klimt 3. ,"Salzburg : Galerie Welz , cop. 1984",1984,3853491065,,Klimt
29,"Willem De Kooning : Nordatlantens ljus, [utställning], Stedelijk museum, Amsterdam, 11.5-3.7 1983, Louisiana museum of modern art, Humlebaek, 15.7-4.9 1983, Moderna museet, Stockholm, 17.9-30.10 1983. ","Stockholm : Moderna museet , 1984",1984,9171002367,,De Kooning
36,"De Kooning : petit journal de l'exposition, 28 juin-24 septembre 1984... Musée national d'art moderne, Centre Georges Pompidou [Paris]. ","Paris : Centre Georges Pompidou , 1984",1984,285850234X,,De Kooning
134,Willem de Kooning. ,,1984,OCLC:501278385,"Robert Rosenblum, Whitney Museum of American Art. New York, NY., Yves Michaud, Centre Georges Pompidou (Paris), Deutsche Akademie der Künste. Berlin, Ost, Centre National d'Art et de Culture Georges Pompidou. Paris",De Kooning
104,"Gustav Klimt, Oskar Kokoschka, Egon Schiele : Zeichnungen und Aquarelle, [Ausstellung, Pfalzgalerie, Kaiserslautern, 1. September bis 14. Oktober 1984]. ","Kaiserslautern : Pfalzgalerie , 1984",1984,8820205866,,Klimt
106,"Gustav Klimt : vingt dessins, [Paris, Galerie Berggruen, 1984]. ","Paris : Berggruen , 1984",1984,2904772057,,Klimt
166,De Kooning. ,,1984,2858502552,"Claire Stoullig, Catherine Bompuis, Akademie der Künste (Berlin, Germany)",De Kooning
130,"De Kooning, Lithographs. ",,1985,OCLC:173516539,Willem De Kooning,De Kooning
55,"De Kooning, dipinti, disegni, sculture. ",,1985,UOM:39015015825683,Willem De Kooning,De Kooning
56,De Kooning. ,,1985,OCLC:12250843,,De Kooning
108,"Willem de Kooning. Recent Paintings, 1983-1986",Anthony D'Offay Gallery,1986,094756408X,Willem De Kooning,De Kooning
80,"Willem de Kooning, the First Twenty-six Years in New York. ",Dissertations-G,1986,UOM:39015015825857,Sally Yard,De Kooning
31,"Willem de Kooning, recent paintings, 1983-1986 : [exhibition held 21 November 1986 to 14 January 1987 at the Anthony d'Offay gallery, London]. ","London : Anthony d'Offay gallery , 1986",1986,094756408X,,De Kooning
223,Gustav Klimt. Women,,1986,OCLC:1302626212,Gustav Klimt,Klimt
312,Klimt: Beethoven. [Illustr.] - (Geneve): Skira (1986). 108 S. 4°. ,,1986,UCSD:31822002761880,Jean Paul Bouillon,Klimt
7,"Klimt, ""Beethoven"". ","Genève : Skira ; [Paris] : Flammarion , 1986",1986,2605000788,,Klimt
100,Klimt. ,"Paris : Flammarion , 1987",1987,208011526X,,Klimt
171,Williem de Kooning Standing Figure. A Bicentennial Gift to the Nation from National Australia Bank,,1987,0909873496,,De Kooning
44,"Gustav Klimt, Egon Schiele und die Familie Lederer. ","Bern : Galerie Kornfeld , 1987",1987,3857730161,,Klimt
185,Gustav Klimt. ,Crown,1987,UOM:39015042495013,Ilona Sármány-Parsons,Klimt
129,"Willem de Kooning. Abstract Landscapes, 1955-1963",,1987,OCLC:23006550,"Willem De Kooning, Henry Geldzahler",De Kooning
275,Klimt. Beethoven,Rizzoli International Publications,1987,UOM:39015011963496,Jean Paul Bouillon,Klimt
69,Gustav Klimt : das Skizzenbuch aus dem Besitz von Sonja Knips. ,"Wien : Ed. Tusch , 1987",1987,3850631761,,Klimt
139,The Collected Writings of Willem de Kooning. ,,1988,0937815136,Willem De Kooning,De Kooning
6,Le Nu et la norme : Klimt et Picasso en 1907. ,"[Paris] : Gallimard , 1988",1988,2070111504,,Klimt
147,Klimt. Disegni contro la morale. ,,1988,8872260337,Gustav Klimt,Klimt
168,Gustav Klimt i capolavori. ,,1988,8834240189,"Gustav Klimt, Gabriella Belli",Klimt
304,Klimt. Beethoven. [aus Dem Franzoesischen Uebertragen Von Hanna Wulf].,,1988,OCLC:902373530,Jean-Paul Bouillon,Klimt
320,Klimt. ,Giunti Editore,1988,8809760832,Eva Di Stefano,Klimt
11,"De Kooning, vite. ","Paris : Ed. de la Différence , 1988",1988,2729102701,,De Kooning
178,Gustav Klimt. il sigillo della contraddizione,,1989,8877430621,Cristina Melloni,Klimt
206,Klimt. ,,1989,8837410441,"Gustav Klimt, Fernando Huici",Klimt
101,Gustav Klimt : 25 chefs-d'oeuvre. ,"Paris : Nathan , cop. 1989",1989,2092400460,,Klimt
165,A few remarkable paintings by Picasso and de Kooning. ,,1990,OCLC:47715266,Pablo Picasso,De Kooning
75,Willem de Kooning : an Exhibition of Paintings. ,,1990,OCLC:1334620202,Willem De Kooning,De Kooning
124,"Willem De Kooning, Jean Dubuffet. The Women : November 30, 1990-January 5, 1991",Australian Geographic,1990,UOM:39015021859486,"Willem De Kooning, Jean Dubuffet, Mildred Glimcher, Pace Gallery",De Kooning
65,Willem de Kooning. An Exhibition of Paintings,,1990,STANFORD:36105001689053,"Willem De Kooning, Klaus Kertess, Robert Rosenblum",De Kooning
81,Klimt. ,"[Paris] : Chêne , 1990",1990,2851086561,,Klimt
167,"Willem De Kooning, Jean Dubuffet. The Women. ",,1990,OCLC:1419315490,Mildred Glimcher,De Kooning
20,L'oeuvre gravé de Willem De Kooning 1 : catalogue raisonné. ,"Paris : B. Lebon , 1991",1991,2876880148,,De Kooning
149,Druckgraphische Werk Von Willem de Kooning. ,,1991,UOM:39015032446455,"F. Lanier Graham, Willem De Kooning",De Kooning
161,Willem De Kooning. The Printer's Proofs,Salander Oreilly Pub,1991,1588210332,,De Kooning
159,"Willem de Kooning. Printer's Proofs from the Collection of Irwin Hollander, Master Printer",,1991,STANFORD:36105028780083,"Willem De Kooning, F. Lanier Graham",De Kooning
59,Gustav Klimt. ,"Londres ; Paris : Thames & Hudson , 1991",1991,287811034X,,Klimt
313,"Gustav Klimt. 100 Zeichnungen : 25. Juli bis 27. September 1992, Städtische Galerie ""Lovis-Kabinett"", Stadtbezirk Schwenningen",,1992,UOM:39015032985692,"Serge Sabarsky, Gustav Klimt",Klimt
105,"Gustav Klimt : von der Zeichnung zum Bild, mit 370 Abbildungen. ","Wien : C. Brandstätter , cop. 1992",1992,3854473699,,Klimt
250,Gustav Klimt & Emilie Flöge. An Artist and His Muse,,1992,UCSC:32106016748433,Wolfgang Georg Fischer,Klimt
87,Gustav Klimt. ,"Köln : Taschen , cop. 1992",1992,3822893374,,Klimt
28,Klimt. ,"[Paris] : Hazan , 1992",1992,2850252921,,Klimt
114,"Willem De Kooning, Jean Dubuffet, the Late Works. September 17 - October 16, 1993",Australian Geographic,1993,STANFORD:36105009567517,"Willem De Kooning, Peter Schjeldahl, Pace Gallery",De Kooning
207,"Gustav Klimt, 1862-1918. ",,1993,OCLC:1285563895,Gilles Néret,Klimt
126,Willem de Kooning. Transcending Landscape : Paintings 1975-1979,,1993,STANFORD:36105012423104,Willem De Kooning,De Kooning
141,Willem De Kooning. Jean Dubuffet. The Late Works. ,,1993,OCLC:1419335561,,De Kooning
278,Gustav Klimt. ,,1993,STANFORD:36105004438482,Frank Whitford,Klimt
105,Willem de Kooning. From the Hirshhorn Museum Collection,Rizzoli International Publications,1993,UOM:39015026855877,"Judith Zilczer, Hirshhorn Museum and Sculpture Garden",De Kooning
257,Klimt. ,,1993,OCLC:797511552,"Gustav Klimt, Adriano Antolini",Klimt
2,"Art in Vienna 1898-1918 : Klimt, Kokoschka, Schiele and their contemporaries. ","London : Phaidon , 1993",1993,0714816000,,Klimt
78,Klimt. ,"[Paris] : Flammarion , 1993",1993,2080100564,,Klimt
153,"Willem De Kooning, Jean Dubuffet, the Late Works. September 17 - October 16, 1993",,1993,OCLC:741479429,,De Kooning
30,Willem de Kooning : from the Hirshhorn museum collection. ,"New York : Rizzoli international ; Washington : Hirshhorn museum and sculpture garden, Smithsonian institution , 1993",1993,0847817695,,De Kooning
29,"Gustav Klimt, 1862-1918. ","Köln ; [Paris] : B. Taschen , cop. 1993",1993,3822896713,,Klimt
92,Die weibliche und die männliche Linie : das imaginäre Geschlecht der modernen Kunst von Klimt bis Mondrian. ,"Berlin : D. Reimer Verl. , cop. 1993",1993,3496011084,,Klimt
92,Willem De Kooning. ,,1994,0933793316,Klaus Kertess,De Kooning
286,The Life and Works of Klimt. ,,1994,UCSC:32106015859637,Nathaniel Harris,Klimt
284,Gustav Klimt. ,,1994,0517100967,Andrea Venturini,Klimt
187,Da Klimt a Wols. ,,1994,UVA:X002576676,Fondazione Antonio Mazzotta,Klimt
111,Willem De Kooning. ,,1994,2840680297,Edwin Denby,De Kooning
90,Gustav Klimt : painter of women. ,"Munich ; New York : Prestel , cop. 1994",1994,3791314289,,Klimt
45,Willem De Kooning. ,"Paris : l'Échoppe , 1994",1994,2840680297,,De Kooning
62,Willem de Kooning. ,Rizzoli International Publications,1994,STANFORD:36105016413267,David Cateforis,De Kooning
283,Klimt. ,Taschen,1994,3822893641,Benedikt Taschen Verlag,Klimt
66,Willem de Kooning. Paintings,Yale University Press,1994,0300060114,"Marla Prather, David Sylvester, Richard Shiff, National Gallery of Art (U.S.), Metropolitan Museum of Art (New York, N.Y.), Tate Gallery",De Kooning
57,"Il disegno del nostro secolo : prima parte, da Klimt à Wols, [mostra, Milano, Fondazione Antonio Mazzotta, 11 aprile-10 luglio 1994]. ","Milano : Mazzotta , 1994-",1994,8820210908,,Klimt
73,Gustav Klimt : monographie illustrée. ,"Paris : PML éd. , 1994",1994,2876288621,,Klimt
146,Wilhelm De Kooning. ,Rizzoli International Publications,1994,084785759X,Cateforis,De Kooning
23,"Willem De Kooning : paintings, [exhibition, National gallery of art, Washington, 8 May-5 September 1994, the Metropolitan museum of art, New York, 11 October 1994-8 January 1995, Tate gallery, London, 15 February-7 May 1995]. ","Washington : National gallery of art ; New Haven ; London : Yale university press , 1994",1994,0894682040,,De Kooning
214,Gustav Klimt. Painter of Women,Prestel Publishing,1994,UOM:39015034025307,Susanna Partsch,Klimt
216,Gustav Klimt. From Drawing to Painting,,1994,UOM:39015034027758,Christian M. Nebehay,Klimt
228,Klimt. ,,1994,1858911664,"Françoise Ducros, Gustav Klimt",Klimt
142,Willem de Kooning. Liquefying Cubism,,1994,1932608036,Allan Stone,De Kooning
270,Klimt. ,Three Rivers Press,1995,0517883732,"Ilona Sarmany-Parsons, Ilona Sármány-Parsons",Klimt
8,"Willem De Kooning : the late paintings, the 1980s, [exhibition, San Francisco museum of modern art, 3 October 1995-7 January 1996, Walker art center, Minneapolis, 3 February-8 May 1996... Museum of modern art, New York, 22 January-29 April 1997]. ","San Francisco : San Francisco museum of modern art , 1995",1995,0935640479,,De Kooning
91,"Körper, Eros und Tod : Gustav Klimt im Kontext der Ästhetik des Fin de Siècle. ","Essen : Verl. die Blaue Eule , cop. 1995",1995,389206654X,,Klimt
83,"Willem de Kooning. The Late Paintings, the 1980s",Walker Art Center,1995,UCSD:31822021615752,"Willem De Kooning, Gary Garrels, Robert Storr, San Francisco Museum of Modern Art",De Kooning
191,Gustav Klimt. ,,1995,1860191363,,Klimt
273,Klimt. Special Edition,Marboro Books,1996,0760701121,"Barnes & Noble, Gilles Nberet",Klimt
35,Et maintenant je veux parler de Willem de Kooning. ,"Paris : l'Échoppe , 1996",1996,2840680688,,De Kooning
34,La vie et l'oeuvre de Klimt. ,"[Nîmes] : Livre club , [1996]",1996,2842160363,,Klimt
137,Gustav Klimt. dal disegno al quadro,,1996,8845065588,Christian M. Nebehay,Klimt
208,Klimt. Colour Library,Phaidon Press Limited,1996,UOM:39015038583319,"Catherine Dean, Gustav Klimt",Klimt
173,"Willem De Kooning. die späten Gemälde, die 80er Jahre",,1996,9069181681,,De Kooning
102,Klimt : 1862-1918. ,"Paris : Cercle d'art , 1996",1996,2702204694,,Klimt
40,"Willem De Kooning : de late schilderijen, 1981-1987, San Francisco museum of modern art, 3 oktober 1995-7 januari 1996, Walker art center, Minneapolis, 3 februari-8 mei 1996, Kunstmuseum, Bonn, 25 juni-18 augustus  1996, Museum Boijmans Van Beuningen, Rotterdam, 9 september-1 december 1996, Museum of modern art, New York, 22 januari-29 april 1997. ","Rotterdam : Boijmans Van Beuningen museum , 1996",1996,9069181673,,De Kooning
28,"Abstract expressionist women painters : an annotated bibliography, Elaine de Kooning, Helen Frankenthaler, Grace Hartigan, Lee Krasner, Joan Mitchell, Ethel Schwabacher. ","Lanham (Md.) ; London : the Scarecrow press , cop. 1996",1996,0810829983,,De Kooning
165,Gustav Klimt e la Secessione viennese. 1897 - 1997,,1997,8886187394,Cesare Biasini,Klimt
237,"Gustav Klimt, 1862-1918. The World in Female Form",,1997,UCSD:31822025702630,"Gottfried Fliedl, Gustav Klimt",Klimt
121,Willem De Kooning (1904-1997).. ,,1997,0908298625,,De Kooning
315,"Klimt, Kokoschka, Schiele. Aquarelle und Zeichnungen : Hommage à Serge Sabarsky : Jahrhunderthalle Hoechst, 5. Oktober bis 19. November 1997",,1997,UOM:39015048542230,,Klimt
87,Willem de Kooning. ,,1997,8434308347,"Sally Yard, Willem De Kooning",De Kooning
108,"Gustav Klimt, 1862-1918 : le monde à l'apparence féminine. ","Köln ; Lisboa ; Paris [etc.] : Taschen , cop. 1997",1997,3822883697,,Klimt
48,De Kooning : 1904-1997. ,"Paris : Cercle d'art , 1998",1998,2702205006,,De Kooning
88,"Gustav Klimt, 1862-1918 : le monde à l'apparence féminine. ","Köln ; Lisboa ; Paris [etc.] : Taschen , 1998",1998,3822873454,,Klimt
262,Klimt. ,,1998,1840130784,Gerbert Frodl,Klimt
3,"Willem de Kooning : drawing seeing-seeing drawing, [exhibition, the Drawing center, New York, October 31-December 19, 1998, the Addison gallery of American art, Phillips academy, Andover, Mass., January 16-March 28, 1999, Wexner center for the arts, the Ohio state university, Columbus, May 15-August 15, 1999]. ","New York : Arena , 1998",1998,0965728080,,De Kooning
83,Klimt et la mode. ,"Paris : Éd. Assouline , 1998",1998,2843230543,,Klimt
186,Klimt. ,Knickerbocker Press,1998,1577150538,Maria Costantino,Klimt
116,Willem de Kooning. Drawing Seeing/seeing Drawing,,1998,UOM:39015047491660,"Willem De Kooning, Klaus Kertess, Drawing Center (New York, N.Y.)",De Kooning
151,Klimt. la secessione e il tramonto d'oro dell'Impero austriaco,Leonardo Arte,1999,8878138673,"Tatjana Pauli, Gustav Klimt",Klimt
12,"Heiliger Frühling : Gustav Klimt und die Anfänge der Wiener Secession 1895-1905, mit 444 Abbildungen, Davon 357 in Farbe, [Ausstellung, Graphisch Sammlung Albertina, Wien, 16. Oktober 1998 bis 10. Jänner 1999]. ","Wien ; München : C. Brandstätter , 1999",1999,3854478569,,Klimt
14,Fleurs cueillies pour rien : Gustav Klimt. ,"[Charenton] : Flohic , 1999",1999,2842340639,,Klimt
70,Willem de Kooning. ,,1999,OCLC:922655841,,De Kooning
167,Gustav Klimt. ,,1999,8843572296,Gustav Klimt,Klimt
142,Gustav Klimt e le origini della Secessione viennese. ,,1999,8820213095,Domenico Pertocoli,Klimt
89,The Essential Willem de Kooning. ,Cader Books,1999,PSU:000053458285,Catherine Morris,De Kooning
9,Willem de Kooning. ,"Paris : La Martinière , 1999",1999,2732425079,,De Kooning
109,Gustav Klimt. ,"Paris : La Martinière , 2000",2000,2732426415,,Klimt
95,Willem De Kooning. Reflections in the Studio,,2000,UOM:39015050036196,"Edvard Lieber, Willem De Kooning",De Kooning
247,Klimt's Women. ,Dumont,2000,0300087969,"Gustav Klimt, Tobias Günter Natter, Gerbert Frodl, Österreichische Galerie Belvedere",Klimt
30,"Gustav Klimt, 1862-1918. ","Köln ; London ; Paris [etc.] : Taschen , cop. 2000",2000,3822859400,,Klimt
234,Gustav Klimt in the Austrian Gallery Belvedere in Vienna. ,,2000,3853492487,"Gustav Klimt, Gerbert Frodl",Klimt
203,"Gustav Klimt. Silver, Gold and Precious Stones",Prestel Publishing,2000,3791323288,"Gustav Klimt, Angela Wenzel",Klimt
158,Gustav Klimt. 1862-1918,,2000,3822859303,Gilles Néret,Klimt
34,Willem de Kooning : reflections in the studio. ,"New York : H.N. Abrams , cop. 2000",2000,0810945606,,De Kooning
173,Klimt. le donne,Giunti Editore,2000,8809016084,Eva Di Stefano,Klimt
127,"Willem de Kooning. Selected Paintings and Sculpture, 1964-1973",,2000,OCLC:46452963,"Willem De Kooning, Robert Pincus-Witten",De Kooning
103,Willem De Kooning. Mostly Women : Drawings and Paintings from the John and Kimiko Powers Collection,,2000,UCSD:31822036217131,Willem De Kooning,De Kooning
181,Schiele e Klimt. i maestri dell'arte moderna austriaca dalla Fondazione Leopold di Vienna,,2000,OCLC:46766955,"Rudolf Leopold, Egon Schiele, Gustav Klimt",Klimt
179,Gustav Klimt. 1862-1918,Taschen,2000,382285980X,"Gilles Néret, Gustav Klimt",Klimt
266,Essential Klimt. ,,2000,1840847026,Laura Payne,Klimt
172,"De Kooning/Chamberlain. Influence and Transformation : September 21-October 20, 2001",,2001,UCSD:31822030290308,"Bernice Rose, Willem De Kooning, PaceWildenstein (Firm)",De Kooning
95,Klimt : femmes. ,"Paris : Hazan , 2001",2001,285025813X,,Klimt
40,Gustav Klimt : vers un renouvellement de la modernité. ,"Paris : La Martinière , 2001",2001,2732427829,,Klimt
107,"Willem De Kooning. Vellums : March 21-April 21, 2001",,2001,UOM:39015055199601,"Willem De Kooning, Brenda Richardson",De Kooning
33,"Pintura al desnudo : Picasso, Dubuffet, De Kooning, Bacon, Saura, [exposición, Bilbao, Museo de bellas artes] del 11 de junio al 19 de agosto de 2001. ","Bilbao : Museo de bellas artes de Bilbao = Bilboko arte eder museoa , DL 2001",2001,8487184596,,De Kooning
3,"Art in Vienna 1898-1918 : Klimt, Kokoschka, Schiele and their contemporaries. ","London : Phaidon , 2001",2001,0714829676,,Klimt
229,"Gustav Klimt, Modernism in the Making. ",ABRAMS,2001,UOM:39015056280129,"Gustav Klimt, Colin B. Bailey, John Bruce Collins, John Collins, National Gallery of Canada",Klimt
156,"Klimt, Kokoschka, Schiele. dall' art nouveau all' espressionismo ; Complesso del Vittoriano 6.10.2001-3.2.2002",,2001,UVA:X004595719,Jane Kallir,Klimt
138,Willem de Kooning: Vellums. ,,2001,OCLC:316861140,"Willem De Kooning, Brenda Richardson, Mitchell-Innes & Nash, Matthew Marks Gallery",De Kooning
44,"Willem de Kooning : [exposición] Institut valencià d'art modern, Valencia, 6-IX/2-XII 2001, Fundación la Caixa, Madrid, 20-XII 2001/25-III 2002. ","Valencia : Institut valencià d'art modern ; Madrid : Fundacio la Caixa , 2001",2001,8448228626,,De Kooning
37,"Guerrero, De Kooning : la sabiduría del color, [exposición]... Centro José Guerrero, Granada, del 8 de marzo al 27 de mayo de 2001. ","Granada : Centro José Guerrero , 2001",2001,8478072942,,De Kooning
18,"Klimt, Kokoschka, Schiele : dall'art nouveau all'espressionismo, [mostra, Roma, Complesso di Vittoriano, 6 ottobre 2001 - 3 febbraio 2002] / [Jane Kallir,...]. ","Milano : Mazzotta , 2001",2001,8820215020,,Klimt
13,"The impact of Chaim Soutine (1893-1943) : de Kooning, Pollock, Dubuffet, Bacon, [publ. on the occasion of the exhibition, ""the impact of Chaim Soutine"", Galerie Gmurzynska, Cologne, November 2 - December 15, 2001]. ","Ostfildern-Ruit : Hatje Cantz , cop. 2002",2002,3775791035,,De Kooning
255,Essential Klimt. ,Parragon Publishing,2002,0752551450,"Laura Payne, Gustav Klimt",Klimt
94,Willem de Kooning. Paintings 1967-1984,,2002,STANFORD:36105023689982,Willem De Kooning,De Kooning
102,Willem de Kooning. The Life of an Artist,Enslow Publishing,2002,0766018849,Louise Hawes,De Kooning
74,Willem de Kooning. Tracing the Figure,Princeton University Press,2002,069109618X,"Willem De Kooning, Cornelia H. Butler, Paul Schimmel, Museum of Contemporary Art (Los Angeles, Calif.), San Francisco Museum of Modern Art, National Gallery of Art (U.S.)",De Kooning
43,"Willem de Kooning : tracing the figure, [exhibition, Los Angeles, Museum of contemporary art, 10 February-26 April 2002, San Francisco, San Francisco museum of modern art, 22 June-8 September 2002, Washington, National gallery of art, 29 September 2002-5 January 2003]. ","Los Angeles : Museum of contemporary art ; Princeton ; Oxord : Princeton university press , 2002",2002,069109618X,,De Kooning
70,"Klimt und die Frauen : [Ausstellung, Österreichische Galerie Belvedere, Wien, 20. September 2000 bis 7. Januar 2001]. ","[Köln] : DuMont , 2002",2002,3832172718,,Klimt
103,"Peintres de Vienne : de la Sécession à l'expressionnisme, Klimt, Kokoschka, Schiele, Gerstl, Boeckl..., Musée de Lodève, 13 juillet - 3 novembre 2002. ","Milano : Mazzotta , 2002",2002,8820215675,,Klimt
197,Klimt. ,,2002,1856486788,Maria Costantino,Klimt
246,"Klimt, Schiele, Kokoschka. l'età d'oro di Vienna con i suoi maestri ; [Trieste, Civico Museo Revoltella, Galleria d'Arte Moderna, 8 febbraio - 21 aprile 2002]",,2002,882021539X,Monica Maroni,Klimt
41,"The New York schools of music and visual arts : John Cage, Morton Feldman, Edgard Varèse, Willem de Kooning, Jasper Johns, Robert Rauschenberg. ","New York, N.Y. ; London : Routledge , 2002",2002,0415936942,,De Kooning
306,Gustav Klimt. ,,2002,UVA:X004561697,"Edmund Swinglehurst, Gustav Klimt",Klimt
292,Six Klimt Cards. ,Dover Publications,2003,0486428494,Gustav Klimt,Klimt
260,Klimt. ,,2003,1841860948,D. M. Gill,Klimt
259,Otto Wagner/Gustav Klimt. Duets,Harper Collins,2003,9780060564223,Llorenc Bonet,Klimt
73,Willem de Kooning. ,,2003,OCLC:228439249,,De Kooning
175,"Piet Mondrian, Hans Hofmann, Willem de Kooning. europäische Künstler in den USA - amerikanische Künstler aus Europa",,2003,3793093239,Tobias Lander,De Kooning
82,"Gustav Klimt, 1862-1918 : le monde à l'apparence féminine. ","Köln ; London ; Paris [etc.] : Taschen , cop. 2003",2003,3822829188,,Klimt
68,Klimt. ,"Paris : Gründ , 2003",2003,2700012739,,Klimt
96,"L'età postimpressionista : scienza, soggettività e simbolo da Seurat a Klimt. ","Napoli : Liguori , 2003",2003,8820735008,,Klimt
89,"Die Welt von Klimt, Schiele und Kokoschka : Sammler und Mäzene. ","Köln : DuMont , 2003",2003,3832172580,,Klimt
85,Willem de Kooning. A Centennial Exhibition,,2004,UCSD:31822034289066,Willem De Kooning,De Kooning
43,"Gustav Klimt : disegni dalla collezione Sabarsky, [mostra, Torino, Pinacoteca Giovanni e Marella Agnelli, 29 gennaio-25 aprile 2004]. ","Torino : Ed. GAM , impr. 2004",2004,8888103295,,Klimt
47,"Willem De Kooning, 1904-1997 : les contenus, impressions fugitives. ","Köln ; London ; Paris [etc.] : Taschen , cop. 2004",2004,3822821349,,De Kooning
114,Vi presento Klimt. ,"Milan : Ed. Arka , 2005",2004,9788880721413,,Klimt
64,"Willem de Kooning, 1904-1997. Content as a Glimpse",Taschen,2004,3822821357,"Barbara Hess, Willem De Kooning",De Kooning
193,Vi presento Klimt. ,,2004,8880721410,Berenice Capatti,Klimt
69,De Kooning. An American Master,Knopf,2004,UOM:39015058741425,"Mark Stevens, Annalyn Swan",De Kooning
251,Klimt. ,Parragon Publishing,2004,1405414944,Laura Payne,Klimt
111,Le chat de Gustav Klimt. ,"Paris : Grasset jeunesse , 2004",2004,2246667011,,Klimt
97,Rêves dorés de Gustave Klimt.... ,"[Paris] : Palette , DL 2005",2005,291571021X,,Klimt
314,Der Fall Klimt. die rechtliche Problematik der Klimt-Bilder im Belvedere,,2005,STANFORD:36105114797082,"Rudolf Welser, Christian Rabl",Klimt
140,Gustav Klimt. disegni proibiti,,2005,887624509X,Annette Vogel,Klimt
5,"École de New York : expressionnisme abstrait américain, oeuvres sur papier, William Baziotes, Adolph Gottlieb, Hans Hofmann, Franz Kline, Willem de Kooning, Robert Motherwell, Jackson Pollock, Richard Pousette-Dart, Mark Rothko, David Smith, Jack Tworkov, [exposition], 8 décembre 2005-5 mars 2006, Galerie contemporaine du Musée d'art moderne et d'art contemporain, MAMAC, Nice. ","[Nice] : Nice musées , impr. 2005",2005,2913548695,,De Kooning
107,"Vienne 1900 : Klimt, Schiele, Moser, Kokoschka, [exposition], Galerie nationales du Grand Palais, Paris, 3 octobre 2005-23 janvier 2006. ","Paris : Réunion des musées nationaux , impr. 2005",2005,2711849244,,Klimt
72,Gustav Klimt : dessins et aquarelles. ,"Paris : Hazan , DL 2005",2005,2754100407,,Klimt
274,"Klimt, 1862-1918. ",Parkstone International,2005,1859959644,"Jane Reynolds, Patrick Bade",Klimt
24,"De Kooning paintings : 1960-1980, Kunstmuseum Basel, [16 September 2005 - 21 Januar 2006]. ","Ostfildern : Hatje Cantz , cop. 2005",2005,3775716297,,De Kooning
58,L'ABCdaire de Klimt. ,"Paris : Flammarion , DL 2005",2005,2080114425,,Klimt
51,"Willem de Kooning, een portret. ","Leiden : Menken Kasander & Wigman , 2005",2005,9074622534,,De Kooning
31,"Gustav Klimt, 1862-1918. ","Paris : ""Le Monde"" ; Köln : Taschen , cop. 2005",2005,3822846570,,Klimt
27,Le petit Klimt. ,"Bruxelles : Kate' art édition ; Paris : Réunion des musées nationaux , 2005",2005,2930382104,,Klimt
21,"Vienna 1900 : Klimt, Schiele, Moser, Kokoschka, [exhibition], Galeries nationales du Grand Palais, Paris, 3 October 2005-23 January 2006. ","Paris : Réunion des musées nationaux , impr. 2005",2005,271185003X,,Klimt
20,Dans l'univers de Klimt. ,"Paris : Belem éd. , DL 2005",2005,2915577447,,Klimt
8,"Gustav Klimt, Oskar Kokoschka, Egon Schiele : un monde crépusculaire. ","Courbevoie : ACR éd. , DL 2005",2005,2867701759,,Klimt
5,"Gustav Klimt : papiers érotiques, [exposition, Paris, Musée Maillol, 9 mars-30 mai 2005]. ","[Paris] : Gallimard : Fondation Dina Vierny-Musée Maillol , 2005",2005,2070118053,,Klimt
79,"Vienne 1900 : Klimt, Schiele, Moser, Kokoschka, album de l'exposition, [Paris], Galeries nationales du Grand Palais, 3 octobre 2005-23 janvier 2006. ","Paris : Réunion des musées nationaux , impr. 2005",2005,2711850560,,Klimt
132,De Kooning's Bicycle. Artists and Writers in the Hamptons,"Farrar, Straus and Giroux",2005,9781429921695,Robert Long,De Kooning
200,Klimt and His Cat. ,Eerdmans Young Readers,2005,0802852823,Berenice Capatti,Klimt
122,De Kooning. paintings 1960-1980 : Kunstmuseum Basel,,2005,372040160X,"Bernhard Bürgi, Klaus Kertess, Ralph Ubl",De Kooning
98,"Schiele, Klimt, Kokoschka e gli amici viennesi : [mostra, Roverto, Museo di arte moderna e contemporanea di Trento e Roverto, 7 ottobre 2006 - 8 gennaio 2007]. ","Milano : Skira ; Trento : MART, Museo di arte moderna e contemporanea di Trento e Roverto , cop. 2006",2006,8876249508,,Klimt
99,"Toorop-Klimt : Toorop in Wenen, inspiratie voor Klimt, [tentoonstelling, Gemeentemuseum, Den Haag, 7 oktober 2006 t/m 7 januari 2007]. ","Zwolle : Waanders , cop. 2006",2006,9040082634,,Klimt
168,The House for de Kooning's Friend. ,,2006,1599160560,Roger Connah,De Kooning
198,Gustav Klimt. Landscapes,Prestel Publishing,2006,UCSC:32106018478211,Gustav Klimt,Klimt
123,"De Kooning. L'uomo, l'artista. ",Johan & Levi Editore,2006,8860100224,"Mark Stevens, Annalyn Swan",De Kooning
120,Willem de Kooning. Paintings 1975-1978,,2006,0974424978,"Willem De Kooning, L & M Arts",De Kooning
57,Willem De Kooning. late paintings,Mondadori Electa,2006,UOM:39015066851935,"Willem De Kooning, Museo Carlo Bilotti",De Kooning
146,Klimt. ,,2006,3822818127,Gottfried Fliedl,Klimt
183,Nel segno di Klimt. Ver sacrum. La rivista d'arte della Secessione viennese. ,,2006,888345233X,"M. Bressan, M. De Grassi",Klimt
184,"Schiele, Klimt, Kokoschka e gli amici viennesi. Catalgo della mostra (Rovereto, 7 ottobre 2006-8 gennaio 2007). ",,2006,8876249508,"Tobias Günter Natter, Tomas Sharman, Thomas Trummer",Klimt
143,Gustav Klimt. l'infinita sensualità,,2006,8818022393,Giovanni Fanelli,Klimt
115,Gustav Klimt. ,"New York ; [Paris] : Parkstone international , cop. 2006",2006,1859950663,,Klimt
19,"Willem De Kooning : late paintings, [mostra, Roma, Museo Carlo Bilotti, 20 ottobre 2006-11 febbraio 2007]. ","Milano : Electa , cop. 2006",2006,8837049404,,De Kooning
140,Willem de Kooning Drawings. 1920s-1970s,,2007,1932608176,"Willem De Kooning, Allan Stone Gallery",De Kooning
311,"Gustav Klimt, Franz Matsch und Ernst Klimt im Burgtheater. ",,2007,STANFORD:36105122492817,Otmar Rychlik,Klimt
112,Gustav Klimt : l'or de la séduction. ,"Paris : Gründ , DL 2007",2007,9782700016956,,Klimt
117,Gustav Klimt : l'oro della seduzione. ,"Firenze : Giunti , 2007",2007,8809047729,,Klimt
189,Nel segno di Klimt. ver sacrum : la rivista d'arte della secessione viennese,,2007,8883452542,"Marina Bressan, Marino De Grassi",Klimt
12,"De Kooning, vite. ","Paris : Éd. de la Différence , DL 2007",2007,9782729117054,,De Kooning
96,Willem de Kooning. The Last Beginning : Exhibition in Cooperation with the Johanna Liesbeth de Kooning Trust,,2007,1932598510,Willem De Kooning,De Kooning
91,"Willem De Kooning. Works, Writings, Interviews",Ediciones Polígrafa S.A.,2007,UOM:39015074249122,Sally Yard,De Kooning
188,Gustav Klimt. ,Prestel Publishing,2007,UCSD:31822035208644,Nina Kränsel,Klimt
9,"Il simbolismo : da Moreau a Gauguin a Klimt, mostra, Ferrara, Ferrara palazzo dei Diamanti, 18 febbraio-20 maggio 2007, Roma, Roma galleria nazionale d'arte moderna, 7 giugno-16 settembre 2007. ","Ferrara : Ferrara arte , impr. 2007",2007,8889793066,,Klimt
71,De Kooning. ,,2007,3822835455,Barbara Hess,De Kooning
119,Willem de Kooning 1981 - 1986. ,,2007,0979094216,,De Kooning
54,Willem de Kooning. ,"Paris : Hazan , DL 2006",2007,9782754101769,,De Kooning
53,"Willem De Kooning : works, writings and interviews. ","Barcelona : Ed. Polígrafa , 2007",2007,9788434311381,,De Kooning
46,"L'art contemporain : de l'informel aux recherches actuelles, Marina Abramović, Joseph Beuys, Maurizio Cattelan, Francesco Clemente, Willem de Kooning, Jean Dubuffet, Lucio Fontana, Keith Haring, Anselm Kiefer, Franz Kline, Joseph Kosuth, Mario Merz, Bruce Nauman, Jackson Pollock, Robert Rauschenberg, Richard Serra, Bill Viola, Andy Warhol. ","Paris : Gründ , DL 2008",2008,9782700024203,,De Kooning
71,Gustav Klimt. ,"[Paris] : Chêne , DL 2008",2008,9782842778750,,Klimt
192,"Gustav Klimt. Painting, Design and Modern Life",Tate,2008,UOM:39015077687021,"Gustav Klimt, Tate Gallery Liverpool",Klimt
48,"L'abbraccio di Vienna : Klimt, Schiele e i capolavori del Belvedere, [mostra, Como, Villa Olmo, 15 marzo - 20 luglio 2008]. ","Cinisello Balsamo (Milano) : Silvana , 2008",2008,9788836610846,,Klimt
201,Klimt. ,Skira - Berenice,2008,8861308937,Federica Armiraglio,Klimt
50,Gustav Klimt : l'oeuvre peint. ,"Paris : Citadelles et Mazenod , impr. 2008",2008,9782850882524,,Klimt
51,"Gustav Klimt : painting, design and modern life, [exhibition, Tate Liverpool, 30 May - 31 August 2008]. ","London : Tate gallery publishing , 2008",2008,9781854377357,,Klimt
226,Gustav Klimt. Art Nouveau Visionary,Sterling Publishing Company,2008,9781402759208,Eva Di Stefano,Klimt
53,"Gustav Klimt : dibuxos, 1879-1918, [exposicio, Barcelona, Fundacio La Caixa, 2008]. ","Barcelona : Fundacio La Caixa , DL 2008",2008,9788499000015,,Klimt
42,Maskierung der Malerei : Jasper Johns nach Willem de Kooning. ,"München : W. Fink , cop. 2008",2008,3770546679,,De Kooning
6,"Action/abstraction : Pollock, de Kooning, and American art, 1940-1976, [exhibition, the Jewish museum, New York, May 4-September 21, 2008, Saint Louis art museum, October 19, 2008-January 11, 2009, Albright-Knox art gallery, Buffalo, N.Y., February 13-May 31, 2009]. ","New York : the Jewish museum , cop. 2008",2008,9780300122152,,De Kooning
220,Gustav Klimt. ,Quercus,2008,1847246370,Rachel Barnes,Klimt
153,Klimt. l'opera pittorica completa,,2008,8818025597,"Margherita Cavenago, Livia Spano",Klimt
139,Gustav Klimt. l'oro della seduzione,Giunti Editore,2009,8809745388,Eva Di Stefano,Klimt
32,"Deadline : Martin Kippenberger, Absalon, Hans Hartung, James Lee Byars, Felix Gonzalez-Torres, Joan Mitchell, Robert Mapplethorpe, Chen Zhen, Gilles Aillaud, Willem de Kooning, Hannah Villiger, Jörg Immendorff, [exposition, Musée d'art moderne de la Ville de Paris, 16 octobre 2009-10 janvier 2010]. ","Paris : Musée d'art moderne de la Ville de Paris : Paris musées , impr. 2009",2009,9782759601080,,De Kooning
52,"De la scène au tableau : David, Füssli, Klimt, Moreau, Lautrec, Degas, Vuillard..., [exposition, Marseille, Musée Cantini, 6 octobre 2009-3 janvier 2010, Rovereto, Museo di arte moderna e contemporanea, 6 février-23 mai 2010 , Toronto, Musée des beaux-arts de l'Ontario, 19 juin-26 septembre 2010]. ","Paris : Skira-Flammarion ; [Marseille] : MM ; [Rovereto] : MART [etc.] , DL 2009",2009,9782081229440,,Klimt
25,"De la scène au tableau : David, Füssli, Klimt, Moreau, Lautrec, Degas, Vuillard, [exposition, Marseille, Musée Cantini, 6 octobre 2009-3 janvier 2010, Rovereto, Museo di arte moderna e contemporanea, 6 février-23 mai 2010, Toronto, Musée des beaux-arts de l'Ontario, 19 juin-26 septembre 2010]. ","Paris : Skira-Flammarion ; [Marseille] : MM ; [Rovereto] : MART [etc.] , DL 2009",2009,9782081236912,,Klimt
169,A House for de Kooning's Friend. ,,2009,OCLC:747408553,Roger Connah,De Kooning
252,"Gustav Klimt. In Search of the ""total Artwork""",Prestel Publishing,2009,UOM:39015084114985,Gustav Klimt,Klimt
288,Klimt. ,,2009,846753463X,"Varios Autores,",Klimt
62,Klimt. ,"Paris : Gründ , DL 2010",2010,9782700028683,,Klimt
26,"Vienna 1900 : Klimt, Schiele, and their times, a total work of art, [exhibition, Fondation Beyeler, Basel, September 26, 2010 - January 16, 2011]. ","Ostfildern (Allemagne) : Hatje Cantz , cop. 2010",2010,3775726853,,Klimt
231,Gustav Klimt. ,Quercus Books,2010,0857382497,Rachel Barnes,Klimt
60,Willem de Kooning. The Artist's Materials,Getty Publications,2010,9781606060216,Susan Lake,De Kooning
76,"Femme ""cent têtes"" : fantasmes de femmes au miroir de la peinture, de Botticelli à Rubens, de Moreau à Klimt, de Delvaux à Balthus. ","Nice : l'Épiscope , 2010",2010,9782952764223,,Klimt
22,Willem de Kooning : the artist's materials. ,"Los Angeles : Getty conservation institute , cop. 2010",2010,160606021X,,De Kooning
243,Gustav Klimt - Josef Hoffmann. pioniers of modernism,Prestel Publishing,2011,3791351494,"Agnes Husslein-Arco, Alfred Weidinger",Klimt
10,"American vanguards : Graham, Davis, Gorky, De Kooning, and their circle, 1927-1942, [exhibition, Neuberger museum of art, Purchase, N.Y., January 29 - April 28, 2012, Amon Carter museum of American art, Fort Worth, Tex., June 9 - August 19, 2012, Addison gallery of American art, Andover, Mass., September 21 - December 31, 2012]. ","Andover (Mass.) : Addison gallery of American art ; New Haven (Conn.) ; London : Yale university press , cop. 2011",2011,0300121679,,De Kooning
271,Klimt. ,,2011,1844061698,Sandra Forty,Klimt
59,De Kooning. A Retrospective,The Museum of Modern Art,2011,9780870707971,"Willem De Kooning, John Elderfield, Lauren Mahony, Jennifer Field, Delphine Huisinga, Susan Lake",De Kooning
14,Between sense and De Kooning. ,"London : Reaktion books , cop. 2011",2011,9781861898531,,De Kooning
190,Klimt. ,Parkstone International,2011,9781781606681,Patrick Bade,Klimt
133,Between Sense and De Kooning. ,,2011,1861898533,"Richard Shiff, Willem De Kooning",De Kooning
26,"De Kooning : a retrospective, [exhibition, Museum of modern art, New York, September 18, 2011-January 9, 2012]. ","New York : Museum of modern art , 2011",2011,9780500093634,,De Kooning
32,"Gustav Klimt, 1862-1918 : le monde comme une forme féminine. ","Köln ; Paris : Taschen , cop. 2011",2011,9783836531450,,Klimt
144,Willem de Kooning. The Great American Artist,,2011,1258170477,Thomas B. Hess,De Kooning
116,Gustav Klimt : la beauté viennoise. ,"Évreux : Éd. Atlas , impr. 2011",2011,9782731247824,,Klimt
227,Klimt. ,,2011,1780421060,Klaus Carl,Klimt
141,Gustav Klimt. 1862-1918 : il mondo in forma di donna,,2011,3836535149,Christoph Heinrich,Klimt
119,Klimt : 1862-1918. ,"New York ; [Paris] : Parkstone international , cop. 2011",2011,9781906981198,,Klimt
120,Gustav Klimt. ,"New York ; [Paris] : Parkstone international , cop. 2011",2011,9781844849055,,Klimt
61,Willem de Kooning. ,The Museum of Modern Art,2011,9780870707889,Carolyn Lanchner,De Kooning
61,Gustav Klimt : tout l'oeuvre peint. ,"Köln ; [Paris] : Taschen , cop. 2012",2012,9783836527965,,Klimt
258,"Klimt. Up Close and Personal : Paintings, Letters, Insights",Christian Brandstatter,2012,3850336298,"Gustav Klimt, Tobias Günter Natter, Franz Smola, Peter Weinhäupl",Klimt
161,Gustav Klimt. nel segno di Hoffmann e della secessione,24 Ore Cultura,2012,8866480975,"Alfred Weidinger, Agnes Husslein-Arco",Klimt
182,Polemiche su Klimt. ,,2012,8897634265,Hermann Bahr,Klimt
166,Nel mondo di Klimt. ,,2012,8809774361,Eva Di Stefano,Klimt
160,"Klimt. le donne, l'arte, gli amori",Tre Lune,2012,8889832479,Edgarda Ferri,Klimt
39,"Von Dürer bis de Kooning : 100 Meisterzeichnungen, die Staatliche graphische Sammlung München zu Gast in New York, [Ausstellung, New York, Morgan library & museum, 12. Oktober 2012-6. Januar 2013]. ","München : Hirmer , cop. 2012",2012,3777455210,,De Kooning
204,Klimt - Skira Mini Artbook. ,Skira - Berenice,2012,8857202720,Armiraglio Federica,Klimt
287,Gustav Klimt & Emilie Flöge. Photographs,Prestel Publishing,2012,3791352474,Agnes Husslein-Arco,Klimt
36,La moquette de Klimt : poèmes. ,"Paris : Non lieu , DL 2012",2012,9782352701330,,Klimt
159,Gustav Klimt: Giuditta II. Un ritorno annunciato. ,,2012,8831713396,Giandomenico Romanelli,Klimt
94,"Klimt persönlich : Bilder, Briefe, Einblicke, [Jubiläumsausstellung, 24.02.2012 - 27.08.2012 im Leopold Museum, Wien]. ","Wien : Brandtstätter , cop. 2012",2012,385033628X,,Klimt
233,Gustav Klimt. The Complete Paintings,Taschen America Llc,2012,3836527952,"Rainald Franz, Angelina Pötschner, Christoph Grunenberg, Anette Freytag, Susanna Partsch, Evelyn Benesch, Marian Bisanz-Prakken, Michaela Reichel",Klimt
175,Gustav Klimt. disegni intorno al Fregio di Beethoven,,2012,8857214052,Annette Vogel,Klimt
67,"Klimt : up close and personal, paintings, letters, insights. ","Wien : Brandstätter , cop. 2012",2012,3850336298,,Klimt
232,Gustav Klimt. The Magic of Line,J Paul Getty Museum Publications,2012,1606061119,Marian Bisanz-Prakken,Klimt
155,Klimt. la sua vita in parole e immagini,,2012,389919232X,Harald Salfellner,Klimt
176,Gustav Klimt. ,Parkstone International,2012,9781783102549,"Jane Rogoyska, Patrick Bade",Klimt
84,"Gustav Klimt : Erwartung und Erfüllung, Entwürfde zum Mosaikfries im Palais Stoclet, [Ausstellung, Wien, MAK, Österreichisches Museum für Angewandte Kunst, 21.3-15.7.2012]. ","Ostfildern : Hatje Cantz , cop. 2012",2012,3775733051,,Klimt
35,Joseph Klimt. ,"Saint-Denis : Édilivre , impr. 2013",2013,9782332654427,,Klimt
16,Gustav Klimt : die Sammlung im Leopold Museum. ,Ostfildern : Hatje Cantz,2013,3775737448,,Klimt
253,"Gustav Klimt. The Kiss, ""lovers""",Jovis Verlag,2013,3868593101,Agnes Husslein-Arco,Klimt
180,Gustav Klimt e Malcesine. la famiglia Zuckerkandl e il mistero di un quadro scomparso,,2013,8890893818,Paolo Boccafoglio,Klimt
256,Klimt's Drawings. ,eBookIt.com,2013,9781456616397,Daniel Coenn,Klimt
124,"Gustav Klimt, ""Les trois âges de la femme"". ","[Paris] : ""Le Monde"" ; Florence : E-ducation.it , cop. 2013",2013,9782361561307,,Klimt
106,"Willem de Kooning. Ten Paintings, 1983-1985",Rizzoli Publications,2014,9780847843916,,De Kooning
199,"L'ossessione nordica. Klimt, Böcklin, Munch e la pittura italiana. Catalogo della mostra (Rovigo, 22 febbraio-21 giugno 2014). ",,2014,8831717847,"Giandomenico Romanelli, A. Tiddia",Klimt
1,A way of living : the art of Willem De Kooning. ,"London : Phaidon Press Limited , 2017",2014,0714845817,,De Kooning
66,"Klimt et Vienne, un siècle d'or et de couleurs : Gustav Klimt, Egon Schiele, Fritz Hundertwasser, spectacle original de Gianfranco Iannuzzi, Renatto Gatto, Massimiliano Siccardi. ","[Ferney-Voltaire] : Éditions Érick Venturelli photographies , 2014",2014,9782955300619,,Klimt
37,"Klimt et Vienne, un siècle d'or et de couleurs : Carrières de lumières, les Baux-de-Provence. ","[Issy-les-Moulineaux] : ""Beaux-arts"" éd.-[TTM éd.] , DL 2014",2014,9791020400697,,Klimt
202,Delphi Complete Works of Gustav Klimt (Illustrated). ,Delphi Classics,2014,,Gustav Klimt,Klimt
279,Killing for Klimt. A Megan Crespi Mystery Series Novel,Sunstone Press,2014,9781632930064,Alessandra Comini,Klimt
225,Gustav Klimt. Drawings and Pastels,,2014,9782897282226,Narim Bender,Klimt
212,Gustav Klimt. La storia illustrata dei grandi protagonisti dell'arte. ,,2014,8866481955,Stefano Zuffi,Klimt
164,Klimt. alle origini di un mito,24 Ore Cultura,2014,8866481939,Alfred Weidinger,Klimt
277,Gustav Klimt: Tree of Life (Foiled Journal). ,Flame Tree Notebooks,2014,1783611839,Flame Tree Studio,Klimt
163,Klimt. ,Parkstone International,2014,9781781609897,"Patrick Bade, Jane Rogoyska",Klimt
60,"Klimt : alle origini di un mito, [mostra, Milan, Palazzo reale, 12.03-13.07, 2014]. ","Milano : 24 ore cultura , impr. 2014",2014,8866481939,,Klimt
77,"L'ossessione nordica : Böcklin, Klimt, Munch e la pittura italiana, [mostra, Rovigo, Palazzo Roverella, 22 febbraio-22 giugno 2014]. ","Venezia : Marsilio , 2014",2014,8831717847,,Klimt
152,Klimt. Ediz. italiana. ,,2015,3836559730,Gilles Néret,Klimt
174,Écrits et propos de Willem De Kooning. Les Fiches de lecture d'Universalis,Encyclopaedia Universalis,2015,9782852296558,"Encyclopaedia Universalis,",De Kooning
136,Better than de Kooning. ,Snoeck,2015,3864421373,"Andreas Baur, Marcus Weber",De Kooning
236,Klimt. ,,2015,3836558076,Gilles Néret,Klimt
4,"Art in Vienna 1898-1918 : Klimt, Kokoschka, Schiele and their contemporaries. ","London : Phaidon , 2015",2015,0714868787,,Klimt
244,Gustav Klimt. Art Nouveau and the Vienna Secessionists,Flame Tree Illustrated,2015,1783616083,Michael Kerrigan,Klimt
93,"Au temps de Klimt : la sécession à Vienne, [exposition, Paris, Pinacothèque de Paris, 12 février-21 juin 2015]. ","Milan : 24 Ore cultura ; Paris : Pinacothèque de Paris , cop. 2015",2015,8866482552,,Klimt
235,The Little Klimt. A Fun and Cultural Moment for the Whole Family!,Kate'Art Éditions,2015,9782875750686,Catherine de Duve,Klimt
55,Le gardien de l'arbre : Klimt. ,"Futuroscope : Canopé éditions ; Saint-Pierre-des-Corps : l'Élan vert , DL 2015",2015,9782240042903,,Klimt
239,Gustav Klimt. 130 Paintings in Close Up,Createspace Independent Publishing Platform,2015,1507630344,Matt Johnson,Klimt
47,"Mélanie-A Turner-Klimt : ou la désespérance de l'art, kit théâtral. ","Paris : les Éditions Chapitre.com , DL 2015",2015,9791029002045,,Klimt
15,Willem de Kooning nonstop : cherchez la femme. ,"Chicago : London : The University of Chicago press , 2015",2015,022626744X,,De Kooning
110,De Kooning. Sculptures 1972-1974,,2015,0988930099,,De Kooning
122,"Cahier de coloriages : Gustav Klimt le fondateur de la Sécession viennoise, [album à colorier]. ","Vanves : Chêne , 2016",2016,9782812313646,,Klimt
301,Gustav Klimt: Fulfilment (Foiled Pocket Journal). ,Flame Tree Gift,2016,1783616822,"Flame Tree, Flame Tree Studio",Klimt
121,"Cahier de coloriages : Gustav Klimt le fondateur de la sécession viennoise, [album à colorier]. ","Paris : Chêne , 2016",2016,9782812313967,,Klimt
113,Gustav Klimt. ,"Paris : Éditions Place des Victoires , [2016]",2016,9782809914290,,Klimt
305,Color Your Own Klimt. ,Harper Design,2016,0062484435,The Belvedere,Klimt
68,Willem de Kooning Nonstop. Cherchez la femme,University of Chicago Press,2016,9780226267586,Rosalind E. Krauss,De Kooning
310,"Hope, Gustav Klimt. Blank Journal. 160 Blank Pages, 6 X 9 Inch (15. 24 X 22. 86 Cm) Soft Cover",,2016,1530760976,Studio Beeker,Klimt
295,Gustav Klimt: Three Ages of Woman (Foiled Pocket Journal). ,Flame Tree Gift,2016,1783616873,Flame Tree Studio,Klimt
131,Get to Know Willem de Kooning. ,,2016,0766072428,Charlotte Taylor,De Kooning
149,Klimt. Il modernismo. ,,2016,8809991613,Eva Di Stefano,Klimt
265,Klimt. Il tuo album di Klimt da colorare-Colour your own Klimt. ,,2016,8893480352,,Klimt
157,Klimt. Le donne. ,,2016,880999423X,Eva Di Stefano,Klimt
33,"Gustav Klimt, 1862-1918 : le monde comme une forme féminine. ","Köln ; [Paris] : Taschen , cop. 2016",2016,9783836558068,,Klimt
2,"Hartung et les peintres lyriques : Schneider, Gottlieb, De Kooning, Winter, Degottex, Mathieu, Hantaï, Jaffe, Twombly, Frankenthaler, Polke, Traquandi, Oehlen, Wool, Zurstrassen, Von Heyl, Bradley, [exposition, Landerneau, Les Capucins, 11 décembre 2016-17 avril 2017]. ","Landerneau : Fonds Hélène & Édouard Leclerc pour la culture , DL 2016",2016,9791096209002,,De Kooning
7,"Burri : lo spazio di materia - tra Europa e USA, Afro, Andre, Arman, Beuys, Calder, Calzolari, Capograssi, Castellani, César, Chamberlain, Christo, Colla, De Kooning, Dubuffet, Fautrier, Fontana, Hartung, Johns, Kiefer, Klein, Kounellis, Leoncillo, Lewitt, Lo Savio, Mannucci, Manzoni, Marca-Relli, Matta, Mattiacci, Miró, Morris, Motherwell, Nevelson, Nicholson, Pascal, Piene, Pistoletto, Pollock, Rauschenberg, Rotella, Scarpitta, Scialoja, Serra, Sonnier, Soulages, Tàpies, Tinguely, Twombly, Uncini, Wols, [mostra, Fondazione Palazzo Albizzini Collezione Burri, Ex seccatoi del tabacco, Città del Castello, 24 settembre 2016-06 gennaio 2017]. ","Città di Castello : Fondazione Palazzo Albizzini Collezione Burri , 2016",2016,8894063984,,De Kooning
211,"Attorno a Klimt. Giuditta, eroismo e seduzione. ",,2016,8895598628,G. Belli,Klimt
164,Willem De Kooning's Paintbrush. ,HarperAvenue,2016,1443435775,Kerry Lee Powell,De Kooning
238,"Klimt and the Women of Vienna's Golden Age, 1900-1918. ",National Geographic Books,2016,9783791355825,Tobias G. Natter,Klimt
79,Willem De Kooning. A Portrait,Createspace Independent Publishing Platform,2016,1532883374,Bert Schierbeek,De Kooning
136,Le muse di Klimt. ,Mondadori Electa,2016,9788851052355,Paola Romagnoli,Klimt
118,Willem de Kooning. A Way of Living,Phaidon Press,2017,0714873160,Judith Zilczer,De Kooning
88,De Kooning - Zao Wou-KI. ,Dominique Levy Gallery,2017,1944379126,,De Kooning
82,De Kooning. ,,2017,383654962X,"Barbara Hess, Willem De Kooning",De Kooning
248,Nel segno di Klimt. Gorizia salotto mitteleuropeo nel Regno d'Italia,,2017,OCLC:1045866559,,Klimt
242,Klimt & Rodin. An Artistic Encounter,Prestel,2017,3791357085,"Tobias Günter Natter, Martin Chapman, Matthias Haldemann, Michael Kausch, Renée Price",Klimt
269,Klimt. ,,2017,2072577195,Sanchez,Klimt
272,Klimt and Antiquity. Erotic Encounters,Prestel Publishing,2017,3791356992,"Stella Rollig, Tobias Günter Natter",Klimt
224,Klimt. ,Editions Gallimard,2017,9782072577161,Serge Sanchez,Klimt
38,Klimt. ,"[Paris] : Gallimard , DL 2017",2017,9782070462704,,Klimt
213,"Nel segno di Klimt. Gorizia, salotto mitteleuropeo. ",,2017,8899489157,"Museo di Santa Chiara (Gorizia, Italie)., Paolo Bressan",Klimt
294,Gustav Klimt: Fulfilment (Blank Sketch Book). ,Flame Tree Gift,2017,1786641569,Flame Tree Studio,Klimt
296,Gustav Klimt: Detail from the Kiss (Blank Sketch Book). ,Flame Tree Gift,2017,1786641089,Flame Tree Studio,Klimt
195,Gustav Klimt. A Critical Reappraisal,McFarland,2017,9781476668086,Dani Cavallaro,Klimt
267,Gustav Klimt. Erotic Sketchbook,National Geographic Books,2017,9783791383897,,Klimt
162,Klimt. Ediz. a colori. ,Varia illustrata,2017,8897427081,"Margherita Cavenago, Livia Spano",Klimt
54,Klimt. ,"Grenoble : Glénat , DL 2017",2017,9782344003831,,Klimt
263,Klimt. ,,2017,2344003835,Jean-Luc Cornette,Klimt
11,"Gustav Klimt, tout l'œuvre peint. ","Köln ; [Paris] : Taschen , cop. 2017",2017,9783836566605,,Klimt
110,"Les grands artistes : une boîte magique pour apprendre à jouer avec l'art !, Léonard de Vinci, Caravage, cubisme, Claude Monet, Gustav Klimt, Vincent Van Gogh, surréalisme, Vassily Kandinsky, futurisme, pop art. ","[Paris] : Citadelles jeunesse , cop. 2017",2017,9782850887277,,Klimt
27,A generous vision : the creative life of Elaine de Kooning. ,"Oxford : Oxford university press , 2017",2017,0190498471,,De Kooning
307,Ferdinand Hodler: Elective Affinities from Klimt to Schiele. ,Walther Konig Verlag,2017,UCSD:31822043933704,Hans-Peter Wipplinger,Klimt
21,"Willem De Kooning, Zao Wou-Ki : [exposition Lévy Gorvy, New York, January 18 - March 11, 2017]. ",New York : Lévy Gorvy,2017,1944379126,,De Kooning
254,Gustav Klimt Drawings... Vol. 2. Beautiful Sketches by Gustav Klimt,,2018,1986087662,"Gustav Klimt, The Secret Libraries",Klimt
125,"Gustav Klimt : une immersion dans l'art et la musique, Atelier des lumières, Paris, une réalisation Gianfranco Iannuzzi, Renato Gatto, Massimiliano Siccardi. ","Issy-les-Moulineaux : ""Beaux-arts"" éditions , DL 2018",2018,9791020404404,,Klimt
41,"""Ver sacrum"" : la revue de la Sécession viennoise, 1898-1903, Gustav Klimt, Koloman Moser, Otto Wagner, Alfred Roller, Max Kurzweil, Joseph M. Olbrich, Josef Hoffmann. ","Paris : Skira , DL 2018",2018,9782370740960,,Klimt
219,Il mistero del doppio ritratto di Klimt. ,,2018,889667381X,Ermanno Mariani,Klimt
169,Klimt. Ediz. illustrata. ,Skira Masters,2018,8857233111,F. Ammiraglio,Klimt
134,Gustav Klimt. ,Giunti,2018,9788858780428,"Sergio Risaliti, Giovanni Iovane",Klimt
196,"Ver Sacrum. La rivista della Secessione viennese 1898-1903. Gustav Klimt, Koloman Moser, Otto Wagner, Alfred Roller, Max Kurzweil, Joseph M. Olbrich, Josef Hoffmann. Ediz. a colori. ",Arte moderna. Cataloghi,2018,8857239314,Valerio Terraroli,Klimt
64,"Faszination Japan : Monet, Van Gogh, Klimt, [Ausstellung, Bank Austria Kunstforum Wien, 10. Oktober 2018 bis 20. Januar 2019]. ",[Heidelberg] : Kehrer,2018,3868288821,,Klimt
63,"Say it with flowers! : Viennese flower painting from Waldmüller to Klimt, [exhibition Orangerie of the Lower Belvedere, Vienna, June 22 - September 30, 2018]. ","Vienna : Belvedere , 2018",2018,9783791357928,,Klimt
172,Klimt. Ediz. a colori. ,Storie bioGrafiche,2018,885403746X,Viv Croot,Klimt
209,Gustav Klimt. Jahrhundertkünstler,,2018,3950451897,"Hans-Peter Wipplinger, Sandra Tretter",Klimt
131,Gustav Klimt. Tutti i dipinti. ,,2018,383656291X,Tobias G. Natter,Klimt
0,"Klimt and Schiele : drawings from the Albertina Museum, Vienna, [exhibition, Museum of fine arts, Boston, from February 25 to May 28, 2018]. ","Boston, MA : Museum of Fine Arts, Boston : D.A.P./Distributed Art Publishers (Distributor)",2018,0878468528,,Klimt
268,Beyond Klimt. New Horizons in Central Europe,,2018,3777430595,"Stella Rollig, Alexander Klee",Klimt
10,Klimt lost. ,Wien : Czernin Verlag,2018,3707606414,,Klimt
261,Klimt Lost. Reihe Klimt Villa,,2018,3707606414,"Niko Wahl, Marion Krammer",Klimt
0,Le rire de De Kooning. ,"Bordeaux : Olympique , 2019",2019,9782955755068,,De Kooning
118,"Gustav Klimt : Créez votre propre chef-d'oeuvre, [Album à colorier]. ","Paris : Larousse , 2019",2019,9782035969286,,Klimt
321,Klimt. La realtà trasfigurata. Ediz. illustrata. ,,2019,8854042218,Sylvie Girard-Lagorce,Klimt
145,Gustav Klimt. La bellezza assoluta. ,,2019,8869214214,Otto Gabos,Klimt
150,Il grande racconto di Klimt. ,,2019,8832213044,M. Rota,Klimt
65,"Koloman Moser : Universalkünstler zwischen Gustav Klimt und Josef Hoffmann, [Austellung, MAK, Wien 12/19 2018- 04/22 2019 ; Museum Villa Stuck, München, 09/23-09/15 2019]. ","Basel : Birkhauser ; Wien : MAK , 2019",2019,3035618496,,Klimt
308,"Gustav Klimt Black Paper Sketchbook. The Maiden | Modern Art Nouveau Notebook for Painting and Drawing with Vivid Colors | Use with Colored Pencils, Chalk, Metallic Markers, Gel and Ink Pens | Large Artsy Jugendstil All Black Blank Pages Sketch Pad",,2019,1712160907,Shy Panda Notebooks,Klimt
303,Gustav Klimt: Adele Bloch Bauer I (Blank Sketch Book). ,Flame Tree Gift,2019,1787555895,Flame Tree Studio,Klimt
302,Klimt Journal #2. Cool Artist Gifts - Portrait of Adele Bloch-Bauer Gustav Klimt Notebook Journal to Write in 6x9 150 Lined Pages,,2019,1710353511,Twisted City Gustav Klimt Gifts,Klimt
171,Gustav Klimt. ,Arcturus Publishing,2019,9781839403323,A. N. Hodge,Klimt
300,Klimt Sketchbook #3. Cool Artist Gifts - Farm Garden with Sunflowers Gustav Klimt Sketchbooks for Artists Adults and Kids to Draw in 8. 5x11 100 Blank Pages,,2019,1712660268,Twisted City Gustav Klimt Gifts,Klimt
46,Gustav Klimt. ,"Toulouse : Milan , DL 2019",2019,9782408012984,,Klimt
299,Klimt Journal #10. Cool Artist Gifts - the Kiss Der Kuss Gustav Klimt Notebook Journal to Write in 6x9 150 Lined Pages,,2019,1710357231,Twisted City Gustav Klimt Gifts,Klimt
298,Klimt Journal #5. Cool Artist Gifts - the Gorgons and Typheus Gustav Klimt Notebook Journal to Write in 6x9 150 Lined Pages,,2019,1710355204,Twisted City Gustav Klimt Gifts,Klimt
249,Gustav Klimt. Vienna - Japan 1900,,2019,OCLC:1419355883,,Klimt
39,Gustav Klimt. ,"Paris : Larousse , DL 2019",2019,9782035975935,,Klimt
280,"Klimt LARGE Notebook #2. Cool Artist Gifts - Portrait of Adele Bloch-Bauer Gustav Klimt Notebook College Ruled to Write in 8.5x11"" LARGE 100 Lined Pages",,2019,1712647164,Twisted City Gustav Klimt Gifts,Klimt
282,"Klimt Journal #3. Cool Artist Gifts - Farm Garden with Sunflowers Gustav Klimt Notebook Journal To Write In 6x9"" 150 Lined Pages",,2019,1710354038,Twisted City Gustav Klimt Gifts,Klimt
222,Gustav Klimt. Landscapes,National Geographic Books,2019,9783791385440,Stephan Koja,Klimt
291,"Gustav Klimt Taccuino. Giuditta I - Bel Diario - Perfetto Per Prendere Appunti - Ideale Per La Scuola, Lo Studio, Le Ricette O Le Password",Independently Published,2019,1796353744,Palode Bode,Klimt
221,Art Masterclass with Gustav Klimt. ,Wide Eyed Editions,2019,9781786037985,Lucy Brownridge,Klimt
126,Gustav Klimt : dessins & peintures. ,Köln ; [Paris] : Taschen,2019,9783836562898,,Klimt
318,Gustav Klimt. La storia illustrata dei grandi protagonisti dell'arte. ,24Ore Cultura,2020,9788866484851,"Stefano Zuffi, Massimiliano Aurelio",Klimt
194,La modella di Klimt. ,Baldini & Castoldi ,2020,9788893887403,Gabriele Dadati,Klimt
80,"Gustav Klimt : d'or et de couleurs, [exposition, Bordeaux, Bassins de lumières, 10 juin-30 mai 2020]. ","Paris : Hazan , DL 2020",2020,9782754111799,,Klimt
210,La modella di Klimt. La vera storia del capolavoro ritrovato. ,,2020,8893883600,Gabriele Dadati,Klimt
123,"Portfolio Gustav Klimt : 9 peintures, [Portfolio de reproductions]. ","Paris : Nouvelles éditions Scala , 2020",2020,9782359882490,,Klimt
297,"Soltanto la nuda verità. Weininger, Klimt, Schiele. ",,2020,8846756568,Flavia Monceri,Klimt
49,Klimt : 50 chefs-d'oeuvre. ,"[Vanves] : Hazan , DL 2020",2020,9782754111638,,Klimt
42,"À fleur de peau : Vienne 1900, de Klimt à Schiele et Kokoschka, [exposition, Lausanne, Musée cantonal des beaux-arts de Lausanne, 14 février-24 mai 2020]. ","Paris : Hazan ; Lausanne : Musée cantonal des beaux-arts , DL 2020",2020,9782754111386,,Klimt
24,"Klimt : la secessione e l'Italia, [mostra al Palazzo Braschi, Rome, dal 26 Ottobre, 2021- 22  Marzo 2022]. ","Milano : Skira , 2021",2021,8857246574,,Klimt
56,De l'or dans la nuit de Vienne selon Klimt. ,"Paris : HD, Ateliers Henry Dougier , DL 2021",2021,9791031202747,,Klimt
19,Gustav Klimt. ,"Paris : Hazan jeunesse , DL 2021",2021,9782754112352,,Klimt
150,Chaïm Soutine/Willem de Kooning. La peinture incarnée,,2021,2354333331,,De Kooning
13,"Klimt e i maestri ""segreti"" della Ricci Oddi : mostra, Piacenza, Galleria d'arte moderna Ricci Oddi, 3 luglio 2021 - 9 gennaio 2022. ","Piacenza : Galleria d'arte moderna Ricci Oddi ; Busto Arsizio (VA) : Nomos edizioni , impr. 2021",2021,9791259580344,,Klimt
52,"Chaïm Soutine, Willem de Kooning, La peinture incarnée : Musée de l'Orangerie. ","Paris : ""Beaux-arts"" éditions , DL 2021",2021,9791020406392,,De Kooning
177,Klimt. L'essenziale. ,,2021,8867225782,Valérie Mettais,Klimt
129,Klimt. la secessione e l'Italia,,2021,8857246574,,Klimt
38,"Chaïm Soutine, Willem de Kooning, La peinture incarnée : [exposition, Paris, Musée de l'Orangerie, 15 septembre 2021-10 janvier 2022]. ","Paris : Musée d'Orsay : Hazan , DL 2021",2021,9782354333331,,De Kooning
99,Willem De Kooning. ,Hassell Street Press,2021,101440813X,Thomas B Cn Hess,De Kooning
293,Gustav Klimt: Tree of Life (Foiled Blank Journal). ,Flame Tree Gift,2021,1787558606,Flame Tree Studio,Klimt
135,Willem de Kooning Drawings. ,,2021,1944929290,Peter Schjeldahl,De Kooning
170,Klimt e i maestri «segreti» della Ricci Oddi. Catalogo della mostra. ,,2021,9791259580344,E. Pontiggia,Klimt
50,Willem de Kooning. ,"Lyon : Fage éditions , DL 2022",2022,9782849756874,,De Kooning
241,Il nudo e la norma. Klimt e Picasso nel 1907. ,,2022,9791254720332,Jean Clair,Klimt
218,Klimt. Masters of Art,National Geographic Books,2022,9783791387932,Angela Wenzel,Klimt
128,Willem De Kooning. Untitled XXI.,,2022,OCLC:1317842581,,De Kooning
127,"Élina : je vais sur le pot, je découvre un peintre, Gustav Klimt. ","[Paris] : les Éditions Sydney Laurent , 2022",2022,9791032649787,,Klimt
162,Willem de Kooning's Women. A Psychoanalytic Exploration,,2022,1956864199,Graeme J. Taylor,De Kooning
137,De Kooning/Shiraga. ,,2022,173410595X,"Pepe Karmel, Fergus McCaffrey",De Kooning
135,"Klimt. L'uomo, l'artista, il suo mondo. Ediz. illustrata. ",,2022,8857247511,"Gabriella Belli, Elena Pontiggia",Klimt
154,Klimt e l'arte italiana. Ediz. illustrata. ,,2023,8836654703,"Beatrice Avanzi, V. Sgarbi",Klimt
148,Klimt. ritratto di signora,,2023,8857251268,,Klimt
245,Gustav Klimt. The Interiors,Prestel Publishing,2023,379137978X,Tobias G. Natter,Klimt
101,"Robert Rauschenberg's »Erased de Kooning Drawing« (1953). Modernism, Literalism, Postmodernism",Hatje Cantz Verlag,2023,9783775755030,Gregor Stemmrich,De Kooning
85,"Klimt e l'arte italiana : [mostra, Museo d'arte moderna e contemporanea di Trento e Rovereto, MART, Rovereto, march 16 - june 18, 2023]. ","Cinisello Balsamo, Milano : Silvana editoriale",2023,8836654703,,Klimt
144,Gustav Klimt. ,Parkstone International,2023,9781780422626,"Jane Rogoyska, Patrick Bade",Klimt
4,"Les irascibles : Pollock, De Kooning, Rothko et les autres, roman. ","Paris : le Cherche midi , DL 2023",2023,9782749176703,,De Kooning
174,Gustav Klimt. ,Parkstone International,2023,9781783106073,Patrick Bade,Klimt
128,"Berta Zuckerkandl : de Klimt à Rodin, une salonnière et critique d'art entre Vienne et Paris. ","Rennes : Presses universitaires de Rennes , DL 2023",2023,9782753592391,,Klimt
63,Willem de Kooning and Italy. ,Marsilio Editori,2024,9791254631690,,De Kooning
143,THE DE KOONING AFFAIR.. ,,nan,OCLC:263511675,Willem De Kooning,De Kooning
